<entities >
  <entity name="aue_allocations" displayname="Allocations" etc="10447" primaryidfield="aue_allocationsid" primarynamefield="aue_name" disableplugins="false">
    <fields>
      <field displayname="Allocations" name="aue_allocationsid" type="guid" primaryKey="true" />
      <field displayname="Comments" name="aue_comments" type="string" customfield="true" />
      <field displayname="Created By" name="createdby" type="entityreference" lookupType="systemuser" />
      <field displayname="Created By (Delegate)" name="createdonbehalfby" type="entityreference" lookupType="systemuser" />
      <field displayname="Created On" name="createdon" type="datetime" />
      <field displayname="Currency" name="transactioncurrencyid" type="entityreference" lookupType="transactioncurrency" />
      <field displayname="Exchange Rate" name="exchangerate" type="decimal" />
      <field displayname="fm01_a" name="aue_fm01_a" type="decimal" customfield="true" />
      <field displayname="fm01_c" name="aue_fm01_c" type="money" customfield="true" />
      <field displayname="fm01_c (Base)" name="aue_fm01_c_base" type="money" customfield="true" />
      <field displayname="fm02_a" name="aue_fm02_a" type="decimal" customfield="true" />
      <field displayname="fm02_c" name="aue_fm02_c" type="money" customfield="true" />
      <field displayname="fm02_c (Base)" name="aue_fm02_c_base" type="money" customfield="true" />
      <field displayname="fm03_a" name="aue_fm03_a" type="decimal" customfield="true" />
      <field displayname="fm03_c" name="aue_fm03_c" type="money" customfield="true" />
      <field displayname="fm03_c (Base)" name="aue_fm03_c_base" type="money" customfield="true" />
      <field displayname="fm04_a" name="aue_fm04_a" type="decimal" customfield="true" />
      <field displayname="fm04_c" name="aue_fm04_c" type="money" customfield="true" />
      <field displayname="fm04_c (Base)" name="aue_fm04_c_base" type="money" customfield="true" />
      <field displayname="fm05_a" name="aue_fm05_a" type="decimal" customfield="true" />
      <field displayname="fm05_c" name="aue_fm05_c" type="money" customfield="true" />
      <field displayname="fm05_c (Base)" name="aue_fm05_c_base" type="money" customfield="true" />
      <field displayname="fm06_a" name="aue_fm06_a" type="decimal" customfield="true" />
      <field displayname="fm06_c" name="aue_fm06_c" type="money" customfield="true" />
      <field displayname="fm06_c (Base)" name="aue_fm06_c_base" type="money" customfield="true" />
      <field displayname="fm07_a" name="aue_fm07_a" type="decimal" customfield="true" />
      <field displayname="fm07_c" name="aue_fm07_c" type="money" customfield="true" />
      <field displayname="fm07_c (Base)" name="aue_fm07_c_base" type="money" customfield="true" />
      <field displayname="fm08_a" name="aue_fm08_a" type="decimal" customfield="true" />
      <field displayname="fm08_c" name="aue_fm08_c" type="money" customfield="true" />
      <field displayname="fm08_c (Base)" name="aue_fm08_c_base" type="money" customfield="true" />
      <field displayname="fm09_a" name="aue_fm09_a" type="decimal" customfield="true" />
      <field displayname="fm09_c" name="aue_fm09_c" type="money" customfield="true" />
      <field displayname="fm09_c (Base)" name="aue_fm09_c_base" type="money" customfield="true" />
      <field displayname="fm10_a" name="aue_fm10_a" type="decimal" customfield="true" />
      <field displayname="fm10_c" name="aue_fm10_c" type="money" customfield="true" />
      <field displayname="fm10_c (Base)" name="aue_fm10_c_base" type="money" customfield="true" />
      <field displayname="fm11_a" name="aue_fm11_a" type="decimal" customfield="true" />
      <field displayname="fm11_c" name="aue_fm11_c" type="money" customfield="true" />
      <field displayname="fm11_c (Base)" name="aue_fm11_c_base" type="money" customfield="true" />
      <field displayname="fm12_a" name="aue_fm12_a" type="decimal" customfield="true" />
      <field displayname="fm12_c" name="aue_fm12_c" type="money" customfield="true" />
      <field displayname="fm12_c (Base)" name="aue_fm12_c_base" type="money" customfield="true" />
      <field displayname="Import Sequence Number" name="importsequencenumber" type="number" />
      <field displayname="Log" name="aue_log" type="entityreference" lookupType="aue_logs" customfield="true" />
      <field displayname="Modified By" name="modifiedby" type="entityreference" lookupType="systemuser" />
      <field displayname="Modified By (Delegate)" name="modifiedonbehalfby" type="entityreference" lookupType="systemuser" />
      <field displayname="Modified On" name="modifiedon" type="datetime" />
      <field displayname="Name" name="aue_name" type="string" customfield="true" />
      <field displayname="Owner" name="ownerid" type="owner" />
      <field displayname="Owning Business Unit" name="owningbusinessunit" type="entityreference" lookupType="businessunit" />
      <field displayname="Owning Team" name="owningteam" type="entityreference" lookupType="team" />
      <field displayname="Owning User" name="owninguser" type="entityreference" lookupType="systemuser" />
      <field displayname="Project" name="aue_project" type="entityreference" lookupType="aue_projects" customfield="true" />
      <field displayname="Record Created On" name="overriddencreatedon" type="datetime" />
      <field displayname="Reporting Period" name="aue_reportingperiod" type="entityreference" lookupType="aue_reportingperiods" customfield="true" />
      <field displayname="Resource" name="aue_resource" type="entityreference" lookupType="aue_resources" customfield="true" />
      <field displayname="Status" name="statecode" type="state" />
      <field displayname="Status Reason" name="statuscode" type="status" />
      <field displayname="Time Zone Rule Version Number" name="timezoneruleversionnumber" type="number" />
      <field displayname="UTC Conversion Time Zone Code" name="utcconversiontimezonecode" type="number" />
      <field displayname="Version Number" name="versionnumber" type="bigint" />
    </fields>
    <relationships />
  </entity>
</entities>